marvel_id,year,month,date,number-date,publisher,genre,price,title,number,box,norm grade,grade,CGC,community url,community low,community high,qualified,For Sale,Sold Price,Sold Date,artist,nice panels,notes
#N/A,1977,Apr,04/01/1977,5-04/01/1977,Marvel,Fantasy,NFS,2001: A Space Odyssey,5,4,4,4,,,,,,,,,Jack KIrby,,
#N/A,1972,Oct,10/01/1972,10-10/01/1972,Marvel,Fantasy,NFS,Adventure into Fear with the Man-Thing,10,4,3,3,,,,,,,,,,,
6879,1963,Nov,11/01/1963,6-11/01/1963,Marvel,Super-hero,NFS,Amazing Spider-Man,6,1,0,0.1,,,,,,,,,Steve Ditko,,
6912,1964,Feb,02/01/1964,9-02/01/1964,Marvel,Super-hero,NFS,Amazing Spider-Man,9,1,2,2,,,,,,,,,Steve Ditko,,
6483,1964,Mar,03/01/1964,10-03/01/1964,Marvel,Super-hero,NFS,Amazing Spider-Man,10,1,1,1,,,,,,,,,Steve Ditko,,
6494,1964,Apr,04/01/1964,11-04/01/1964,Marvel,Super-hero,NFS,Amazing Spider-Man,11,1,2,2,,,,,,,,,Steve Ditko,,
6505,1964,May,05/01/1964,12-05/01/1964,Marvel,Super-hero,NFS,Amazing Spider-Man,12,1,1,1,,,,,,,,,Steve Ditko,,
6516,1964,June,06/01/1964,13-06/01/1964,Marvel,Super-hero,NFS,Amazing Spider-Man,13,1,2,2,,,,,,,,,Steve Ditko,,
6527,1964,July,07/01/1964,14-07/01/1964,Marvel,Super-hero,NFS,Amazing Spider-Man,14,1,1,1,,,,,,,,,Steve Ditko,,
6538,1964,Aug,08/01/1964,15-08/01/1964,Marvel,Super-hero,NFS,Amazing Spider-Man,15,1,4,4,,,,,,,,,Steve Ditko,,
6549,1964,Sep,09/01/1964,16-09/01/1964,Marvel,Super-hero,NFS,Amazing Spider-Man,16,1,5.5,5,,https://boards.cgccomics.com/topic/541274-pgm-amazing-spider-man-16/,5,6,,,,,Steve Ditko,20 WHAM!,
6560,1964,Oct,10/01/1964,17-10/01/1964,Marvel,Super-hero,NFS,Amazing Spider-Man,17,1,5.5,7.5,,https://boards.cgccomics.com/topic/541275-pgm-amazing-spider-man-17/,5,5.5,,,,,Steve Ditko,"8, seconds later",
6571,1964,Nov,11/01/1964,18-11/01/1964,Marvel,Super-hero,NFS,Amazing Spider-Man,18,1,4.5,6,,https://boards.cgccomics.com/topic/541346-pgm-amazing-spider-man-18/,4,4.5,,,,,Steve Ditko,,
6582,1964,Dec,12/01/1964,19-12/01/1964,Marvel,Super-hero,NFS,Amazing Spider-Man,19,1,9,9,4659813001,https://boards.cgccomics.com/topic/539316-pgm-asm-19/,6.5,8.5,,,,,Steve Ditko,,
6594,1965,Jan,01/01/1965,20-01/01/1965,Marvel,Super-hero,NFS,Amazing Spider-Man,20,1,8.5,8.5,4633500003,https://boards.cgccomics.com/topic/539318-pgm-asm-20/,6.5,7,qualified,,,,Steve Ditko,,
6605,1965,Feb,02/01/1965,21-02/01/1965,Marvel,Super-hero,NFS,Amazing Spider-Man,21,1,5.5,7.5,,https://boards.cgccomics.com/topic/541473-pgm-amazing-spider-man-21/,2.5,8,qualified,,,,Steve Ditko,,
6616,1965,Mar,03/01/1965,22-03/01/1965,Marvel,Super-hero,NFS,Amazing Spider-Man,22,A,7,7.5,,https://boards.cgccomics.com/topic/541474-pgm-amazing-spider-man-22/,,,,,,,Steve Ditko,,
6627,1965,Apr,04/01/1965,23-04/01/1965,Marvel,Super-hero,NFS,Amazing Spider-Man,23,1,6,7.5,,https://boards.cgccomics.com/topic/541475-pgm-amazing-spider-man-23/,5.5,6,qualified,,,,Steve Ditko,,
6638,1965,May,05/01/1965,24-05/01/1965,Marvel,Super-hero,NFS,Amazing Spider-Man,24,1,6.5,7,,https://boards.cgccomics.com/topic/541545-pgm-amazine-spider-man-24/,6.5,6.5,,,,,Steve Ditko,,
6649,1965,June,06/01/1965,25-06/01/1965,Marvel,Super-hero,NFS,Amazing Spider-Man,25,A,7.5,7.5,4633500004,https://boards.cgccomics.com/topic/541546-pgm-amazine-spider-man-25/,7.5,8,,,$365.14,"Nov 23, 2025",Steve Ditko,,
6660,1965,July,07/01/1965,26-07/01/1965,Marvel,Super-hero,NFS,Amazing Spider-Man,26,A,9.2,9.2,4659813002,https://boards.cgccomics.com/topic/541547-pgm-amazing-spider-man-26/,7.5,8,,,"$1,431.70","Dec 21, 2025",Steve Ditko,,
6671,1965,Aug,08/01/1965,27-08/01/1965,Marvel,Super-hero,NFS,Amazing Spider-Man,27,A,8,8,4659391017,https://boards.cgccomics.com/topic/541589-pgm-amazing-spider-man-27/,6.5,7.5,,,,,Steve Ditko,,
6682,1965,Sep,09/01/1965,28-09/01/1965,Marvel,Super-hero,NFS,Amazing Spider-Man,28,1,8,8,4582949005,https://boards.cgccomics.com/topic/541590-pgm-amazing-spider-man-28/,7,7.5,,,"$1,243.67","Jun 12, 2025",Steve Ditko,,
6693,1965,Oct,10/01/1965,29-10/01/1965,Marvel,Super-hero,NFS,Amazing Spider-Man,29,A,7,7,yes,https://boards.cgccomics.com/topic/541591-pgm-amazing-spider-man-29/,6,7.5,,,$381.10,"Feb 15, 2026",Steve Ditko,,
6705,1965,Nov,11/01/1965,30-11/01/1965,Marvel,Super-hero,NFS,Amazing Spider-Man,30,A,7.5,7.5,4659391018,https://boards.cgccomics.com/topic/541620-pgm-amazing-spider-man-30/,6.5,7,,,,,Steve Ditko,,
6716,1965,Dec,12/01/1965,31-12/01/1965,Marvel,Super-hero,NFS,Amazing Spider-Man,31,1,6.5,6.5,4633500005,https://boards.cgccomics.com/topic/541621-pgm-spider-man-31/,6,7,,,$472.67,"Dec 1, 2025",Steve Ditko,,
6727,1966,Jan,01/01/1966,32-01/01/1966,Marvel,Super-hero,NFS,Amazing Spider-Man,32,1,6,7.5,,https://boards.cgccomics.com/topic/541622-pgm-amazing-spider-man-32/,5,6.5,,,,,Steve Ditko,,
6738,1966,Feb,02/01/1966,33-02/01/1966,Marvel,Super-hero,NFS,Amazing Spider-Man,33,1,6,7.5,,https://boards.cgccomics.com/topic/541651-pgm-amazing-spider-man-33/,6,6,,,,,Steve Ditko,,
6749,1966,Mar,03/01/1966,34-03/01/1966,Marvel,Super-hero,NFS,Amazing Spider-Man,34,1,5.5,7,,https://boards.cgccomics.com/topic/541652-pgm-amazing-spider-man-34/,5,5.5,,,,,Steve Ditko,,
6760,1966,Apr,04/01/1966,35-04/01/1966,Marvel,Super-hero,NFS,Amazing Spider-Man,35,1,4.5,7.5,,https://boards.cgccomics.com/topic/539388-pgm-asm-35/,3,6,,,,,Steve Ditko,,
6771,1966,May,05/01/1966,36-05/01/1966,Marvel,Super-hero,NFS,Amazing Spider-Man,36,1,4,7.5,,https://boards.cgccomics.com/topic/541654-pgm-amazing-spider-man-36/,4,4,,,,,Steve Ditko,,
6782,1966,June,06/01/1966,37-06/01/1966,Marvel,Super-hero,NFS,Amazing Spider-Man,37,1,6,7.5,,https://boards.cgccomics.com/topic/541677-pgm-amazing-spider-man-37/,6,6,,,,,Steve Ditko,,
6793,1966,July,07/01/1966,38-07/01/1966,Marvel,Super-hero,NFS,Amazing Spider-Man,38,1,5.5,7.5,,https://boards.cgccomics.com/topic/539391-pgm-asm-38/,4.5,6,,,,,Steve Ditko,,
6860,1967,Jan,01/01/1967,44-01/01/1967,Marvel,Super-hero,NFS,Amazing Spider-Man,44,1,5.5,5,,https://boards.cgccomics.com/topic/541678-pgm-amazing-spider-man-44/,5,5.5,,,,,Johnny Romita,,
6864,1967,Mar,03/01/1967,46-03/01/1967,Marvel,Super-hero,NFS,Amazing Spider-Man,46,1,5,6,,https://boards.cgccomics.com/topic/541679-pgm-amazing-spider-man-46/,5,5,,,,,Johnny Romita,,
6865,1967,Apr,04/01/1967,47-04/01/1967,Marvel,Super-hero,NFS,Amazing Spider-Man,47,1,5,6,,,,,,,,,Johnny Romita,,
6866,1967,May,05/01/1967,48-05/01/1967,Marvel,Super-hero,NFS,Amazing Spider-Man,48,1,5,6,,,,,,,,,Johnny Romita,,
6867,1967,June,06/01/1967,49-06/01/1967,Marvel,Super-hero,NFS,Amazing Spider-Man,49,1,5,6,,,,,,,,,Johnny Romita,,
6882,1968,July,07/01/1968,62-07/01/1968,Marvel,Super-hero,NFS,Amazing Spider-Man,62,1,5,5,,,,,,,,,Johnny Romita,,
6883,1968,Aug,08/01/1968,63-08/01/1968,Marvel,Super-hero,NFS,Amazing Spider-Man,63,1,4,4,,,,,,,,,Johnny Romita,,
6568,1978,Feb,02/01/1978,177-02/01/1978,Marvel,Super-hero,NFS,Amazing Spider-Man,177,1,5,5,,,,,,,,,Ross Andru,,
6569,1978,Mar,03/01/1978,178-03/01/1978,Marvel,Super-hero,NFS,Amazing Spider-Man,178,1,6,7,,,,,,,,,,,
6572,1978,May,05/01/1978,180-05/01/1978,Marvel,Super-hero,NFS,Amazing Spider-Man,180,1,3,3,,,,,,,,,,,
16883,1964,Jan,01/01/1964,1-01/01/1964,Marvel,Super-hero,NFS,Amazing Spider-Man Annual,1,1,6,7,,,,,,,,,,,
16894,1965,Jan,01/01/1965,2-01/01/1965,Marvel,Super-hero,NFS,Amazing Spider-Man Annual,2,1,6,6.5,,,,,,,,,,,
16904,1966,Nov,11/01/1966,3-11/01/1966,Marvel,Super-hero,NFS,Amazing Spider-Man Annual,3,1,5,6,,,,,,,,,,,
16904,1966,Nov,11/01/1966,3-11/01/1966,Marvel,Super-hero,NFS,Amazing Spider-Man Annual,3,1,5,5,,,,,,,,,,,
16905,1967,Nov,11/01/1967,4-11/01/1967,Marvel,Super-hero,NFS,Amazing Spider-Man Annual,4,1,5,5,,,,,,,,,,,
#N/A,1966,Jan,01/01/1966,1-01/01/1966,Marvel,Super-hero,NFS,Amazing Spider-Man replica,1,1,4,4,,,,,,,,,,,
7321,1964,Aug,08/01/1964,7-08/01/1964,Marvel,Super-hero,NFS,Avengers,7,2,5,6,,,,,,,,,Jack Kirby,,
7332,1964,Sep,09/01/1964,8-09/01/1964,Marvel,Super-hero,NFS,Avengers,8,2,5,6,,,,,,,,,Jack Kirby,11 group lunge,
7343,1964,Oct,10/01/1964,9-10/01/1964,Marvel,Super-hero,NFS,Avengers,9,2,6,7,,,,,,,,,Don Heck,,
6953,1964,Nov,11/01/1964,10-11/01/1964,Marvel,Super-hero,NFS,Avengers,10,2,6,7,,,,,,,,,Don Heck,,
6964,1964,Dec,12/01/1964,11-12/01/1964,Marvel,Super-hero,NFS,Avengers,11,2,6,7,,,,,,,,,Don Heck,,
6975,1965,Jan,01/01/1965,12-01/01/1965,Marvel,Super-hero,NFS,Avengers,12,2,6,7,,,,,,,,,Don Heck,,
6986,1965,Feb,02/01/1965,13-02/01/1965,Marvel,Super-hero,NFS,Avengers,13,2,6,7,,,,,,,,,Don Heck,,
6997,1965,Mar,03/01/1965,14-03/01/1965,Marvel,Super-hero,NFS,Avengers,14,2,6,7,,,,,,,,,Jack Kirby,,Don Heck pencil
7008,1965,Apr,04/01/1965,15-04/01/1965,Marvel,Super-hero,NFS,Avengers,15,2,6,7,,,,,,,,,Jack Kirby,,Don Heck pencil
7019,1965,May,05/01/1965,16-05/01/1965,Marvel,Super-hero,NFS,Avengers,16,2,6,7,,,,,,,,,Jack Kirby,,Dick Ayers pencil
7030,1965,June,06/01/1965,17-06/01/1965,Marvel,Super-hero,NFS,Avengers,17,2,4,4.5,,,,,,,,,Don Heck,,
7041,1965,July,07/01/1965,18-07/01/1965,Marvel,Super-hero,NFS,Avengers,18,2,6,7,,,,,,,,,Don Heck,,
7052,1965,Aug,08/01/1965,19-08/01/1965,Marvel,Super-hero,NFS,Avengers,19,A,7,7.5,,,,,,,,,Don Heck,,Pop Art Production
7064,1965,Sep,09/01/1965,20-09/01/1965,Marvel,Super-hero,NFS,Avengers,20,A,7,7.5,,,,,,,,,Don Heck,,Pop Art Production
7086,1965,Nov,11/01/1965,22-11/01/1965,Marvel,Super-hero,NFS,Avengers,22,A,7,7.5,,,,,,,,,Don Heck,,Pop Art Production
7097,1965,Dec,12/01/1965,23-12/01/1965,Marvel,Super-hero,NFS,Avengers,23,A,7,7.5,,,,,,,,,Don Heck,,
7108,1966,Jan,01/01/1966,24-01/01/1966,Marvel,Super-hero,NFS,Avengers,24,A,7,7.5,,,,,,,,,Don Heck,,
7119,1966,Feb,02/01/1966,25-02/01/1966,Marvel,Super-hero,NFS,Avengers,25,2,5,6,,,,,,,,,Don Heck,,
7130,1966,Mar,03/01/1966,26-03/01/1966,Marvel,Super-hero,NFS,Avengers,26,2,5,5.5,,,,,,,,,Don Heck,,
7141,1966,April,04/01/1966,27-04/01/1966,Marvel,Super-hero,NFS,Avengers,27,2,5,5,,,,,,,,,Don Heck,,
7152,1966,May,05/01/1966,28-05/01/1966,Marvel,Super-hero,NFS,Avengers,28,2,5,6,,,,,,,,,Don Heck,,
7163,1966,June,06/01/1966,29-06/01/1966,Marvel,Super-hero,NFS,Avengers,29,2,6,6.5,,,,,,,,,Don Heck,,
7175,1966,July,07/01/1966,30-07/01/1966,Marvel,Super-hero,NFS,Avengers,30,2,5,6,,,,,,,,,Don Heck,,
7208,1966,Oct,10/01/1966,33-10/01/1966,Marvel,Super-hero,NFS,Avengers,33,2,5,6,,,,,,,,,Don Heck,,
7230,1966,Dec,12/01/1966,35-12/01/1966,Marvel,Super-hero,NFS,Avengers,35,2,5,6,,,,,,,,,Don Heck,,
7303,1968,June,06/01/1968,53-06/01/1968,Marvel,Super-hero,NFS,Avengers,53,2,5,5,,,,,,,,,John Buscema,,
6923,1967,Sep,09/01/1967,1-09/01/1967,Marvel,Super-hero,NFS,Avengers Annual,1,2,6,7,,,,,,,,,,,
#N/A,1960,June,06/01/1960,70-06/01/1960,,Military,NFS,Battle,70,4,1,1,,,,,,,,,"Kirby, Ditko",,
#N/A,1956,Feb,02/01/1956,27-02/01/1956,Atlas,Military,NFS,Battle Action,27,4,1,1.5,,,,,,,,,Joe Sinnott,,
73989,1953,Mar,03/01/1953,9-03/01/1953,Atlas,Military,NFS,Battlefield,9,4,1,1,,,,,,,,,,,
#N/A,1968,May,05/01/1968,3-05/01/1968,Marvel,Military,NFS,Capt. Savage and his Leatherneck Raiders,3,4,7,8,,,,,,,,,Dick Ayers,,
#N/A,1968,Aug,08/01/1968,5-08/01/1968,Marvel,Military,NFS,Capt. Savage and his Leatherneck Raiders,5,4,5,6,,,,,,,,,Dick Ayers,,
7486,1968,Sep,09/01/1968,105-09/01/1968,Marvel,Super-hero,NFS,Captain America,105,3,2,2,,,,,,,,,Jack Kirby,,
7635,1981,Feb,02/01/1981,254-02/01/1981,Marvel,Super-hero,NFS,Captain America,254,3,3,3,,,,,,,,,,,
#N/A,1965,June,06/01/1965,75-06/01/1965,Carlton,Super-hero,NFS,Captain Atom,75,3,4,4.5,,,,,,,,,Steve Ditko,,
#N/A,1965,August,08/01/1965,76-08/01/1965,Carlton,Super-hero,NFS,Captain Atom,76,3,3,3,,,,,,,,,,,
#N/A,1965,Oct,10/01/1965,77-10/01/1965,Carlton,Super-hero,NFS,Captain Atom,77,3,4,4.5,,,,,,,,,,,
#N/A,1965,Dec,12/01/1965,78-12/01/1965,Charlton,Super-hero,NFS,Captain Atom,78,3,4,4.5,,,,,,,,,Steve Ditko,,
#N/A,1966,Feb,02/01/1966,79-02/01/1966,Carlton,Super-hero,NFS,Captain Atom,79,3,2,2,,,,,,,,,Steve Ditko,,
17168,1968,June,06/01/1968,2-06/01/1968,Marvel,Super-hero,NFS,Captain Marvel,2,3,4,4.5,,,,,,,,,Gene Colan,,
17169,1968,July,07/01/1968,3-07/01/1968,Marvel,Super-hero,NFS,Captain Marvel,3,3,4,4,,,,,,,,,Gene Colan,,
17170,1968,Aug,08/01/1968,4-08/01/1968,Marvel,Super-hero,NFS,Captain Marvel,4,3,5,6,,,,,,,,,Gene Colan,,
#N/A,1953,June,06/01/1953,10-06/01/1953,Atlas,Military,NFS,Combat Casey,10,3,0,0.5,,,,,,,,,Robert Q. Sale,,
8295,1964,Aug,08/01/1964,3-08/01/1964,Marvel,Super-hero,NFS,Daredevil,3,2,5,6,,,,,,,,,,,
8387,1964,Oct,10/01/1964,4-10/01/1964,Marvel,Super-hero,NFS,Daredevil,4,2,4,4,,,,,,,,,,,
8398,1964,Dec,12/01/1964,5-12/01/1964,Marvel,Super-hero,NFS,Daredevil,5,2,3,3,,,,,,,,,,,
8409,1965,Feb,02/01/1965,6-02/01/1965,Marvel,Super-hero,NFS,Daredevil,6,2,2,2,,,,,,,,,Wally Wood,,
8420,1965,April,04/01/1965,7-04/01/1965,Marvel,Super-hero,NFS,Daredevil,7,2,2,2,,,,,,,,,Wally Wood,,
8431,1965,June,06/01/1965,8-06/01/1965,Marvel,Super-hero,NFS,Daredevil,8,2,1,1,,,,,,,,,Wally Wood,,
8442,1965,Aug,08/01/1965,9-08/01/1965,Marvel,Super-hero,NFS,Daredevil,9,2,5,5,,,,,,,,,Wally Wood,,
8085,1965,Dec,12/01/1965,11-12/01/1965,Marvel,Super-hero,NFS,Daredevil,11,2,4,4.5,,,,,,,,,Wally Wood,,
8096,1966,Jan,01/01/1966,12-01/01/1966,Marvel,Super-hero,NFS,Daredevil,12,2,6,7,,,,,,,,,Jack Kirby layouts,,
8107,1966,Feb,02/01/1966,13-02/01/1966,Marvel,Super-hero,NFS,Daredevil,13,2,4,4,,,,,,,,,Jack Kirby layouts,,Johnny Romita pencil
8118,1966,Mar,03/01/1966,14-03/01/1966,Marvel,Super-hero,NFS,Daredevil,14,2,2,2,,,,,,,,,Johnny Romita,,
8129,1966,April,04/01/1966,15-04/01/1966,Marvel,Super-hero,NFS,Daredevil,15,2,3,3,,,,,,,,,Johnny Romita,,
8140,1966,May,05/01/1966,16-05/01/1966,Marvel,Super-hero,NFS,Daredevil,16,2,3,3,,,,,,,,,Johnny Romita,,
8151,1966,June,06/01/1966,17-06/01/1966,Marvel,Super-hero,NFS,Daredevil,17,2,3,3,,,,,,,,,Johny Romita,,
8162,1966,July,07/01/1966,18-07/01/1966,Marvel,Super-hero,NFS,Daredevil,18,2,3,3,,,,,,,,,Johny Romita,,
8185,1966,Sep,09/01/1966,20-09/01/1966,Marvel,Super-hero,NFS,Daredevil,20,2,3,3,,,,,,,,,Gene Colan,,
8196,1966,Oct,10/01/1966,21-10/01/1966,Marvel,Super-hero,NFS,Daredevil,21,2,3,3,,,,,,,,,Gene Colan,,
8218,1966,Dec,12/01/1966,23-12/01/1966,Marvel,Super-hero,NFS,Daredevil,23,2,4,4,,,,,,,,,Gene Colan,,
8389,1968,June,06/01/1968,41-06/01/1968,Marvel,Super-hero,NFS,Daredevil,41,2,5,5,,,,,,,,,Gene Colan,,
8390,1968,July,07/01/1968,42-07/01/1968,Marvel,Super-hero,NFS,Daredevil,42,2,5,5,,,,,,,,,Gene Colan,,
6923,1967,Sep,09/01/1967,1-09/01/1967,Marvel,Super-hero,NFS,Daredevil Annual,1,2,4,4,,,,,,,,,Gene Colan,,
16914,1968,Sep,09/01/1968,172-09/01/1968,Marvel,Super-hero,NFS,Doctor Strange,172,3,1,1.5,,,,,,,,,Gene Colan,,
16915,1968,Oct,10/01/1968,173-10/01/1968,Marvel,Super-hero,NFS,Doctor Strange,173,3,1,1,,,,,,,,,Gene Colan,,
13227,1962,May,05/01/1962,4-05/01/1962,Marvel,Super-hero,NFS,Fantastic Four,4,1,3.5,3.5,263996003,,,,qualified,https://www.ebay.com/itm/296723861570,525,2024-10-29,Jack Kirby,,cgc graded
13266,1962,Sep,09/01/1962,6-09/01/1962,Marvel,Super-hero,NFS,Fantastic Four,6,1,5,5,264805002,,,,,https://www.ebay.com/itm/296723858060,1140,2024-10-01,Jack Kirby,,cgc graded
13299,1962,Dec,12/01/1962,9-12/01/1962,Marvel,Super-hero,NFS,Fantastic Four,9,1,2.5,4,,https://boards.cgccomics.com/topic/541702-pgm-fantastic-four-9/,2,3,,,,,Jack Kirby,,
12895,1963,Jan,01/01/1963,10-01/01/1963,Marvel,Super-hero,NFS,Fantastic Four,10,1,5,5.5,264805003,,,,,https://www.ebay.com/itm/296723862812,380,2024-10-10,Jack Kirby,,cgc graded
12928,1963,Apr,04/01/1963,13-04/01/1963,Marvel,Super-hero,NFS,Fantastic Four,13,1,4.5,4.5,4634360001,https://boards.cgccomics.com/topic/541703-pgm-fantastic-four-13/,3,5,qualified,,,,Jack Kirby,,
12950,1963,June,06/01/1963,15-06/01/1963,Marvel,Super-hero,NFS,Fantastic Four,15,1,5,5,4634360002,https://boards.cgccomics.com/topic/541704-pgm-fantastic-four-15/,2,2,qualified,,,,Jack Kirby,,
12961,1963,July,07/01/1963,16-07/01/1963,Marvel,Super-hero,NFS,Fantastic Four,16,1,5,5,4634360003,https://boards.cgccomics.com/topic/541723-pgm-fantastic-four-16/,3.5,3.5,qualified,,,,Jack Kirby,,
12983,1963,Sep,09/01/1963,18-09/01/1963,Marvel,Super-hero,NFS,Fantastic Four,18,1,3.5,4,,https://boards.cgccomics.com/topic/541724-pgm-fantastic-four-18/,3.5,3.5,,,,,Jack Kirby,,
12994,1963,Oct,10/01/1963,19-10/01/1963,Marvel,Super-hero,NFS,Fantastic Four,19,1,3,3,,https://boards.cgccomics.com/topic/541725-pgm-fantastic-four-19/,2.5,3,,,,,Jack Kirby,,
13017,1963,Dec,12/01/1963,21-12/01/1963,Marvel,Super-hero,NFS,Fantastic Four,21,1,5.5,5.5,4634360004,https://boards.cgccomics.com/topic/541762-pgm-fantastic-four-21/,5,6,,,$114.20,"Dec 1, 2025",Jack Kirby,,
13028,1964,Jan,01/01/1964,22-01/01/1964,Marvel,Super-hero,NFS,Fantastic Four,22,1,6,6,4634360005,https://boards.cgccomics.com/topic/541763-pgm-fantastic-four-22/,5.5,6,,,$107.50,"Nov 24, 2025",Jack Kirby,,
13039,1964,Feb,02/01/1964,23-02/01/1964,Marvel,Super-hero,NFS,Fantastic Four,23,1,4,4,,https://boards.cgccomics.com/topic/541764-pgm-fantastic-four-23/,4,4,,,,,Jack Kirby,,
13050,1964,March,03/01/1964,24-03/01/1964,Marvel,Super-hero,NFS,Fantastic Four,24,1,4,3,,https://boards.cgccomics.com/topic/541797-pgm-fantastic-four-24/,4,4,,,,,Jack Kirby,,
13061,1964,Apr,04/01/1964,25-04/01/1964,Marvel,Super-hero,NFS,Fantastic Four,25,1,8,8,4582949001,https://boards.cgccomics.com/topic/541800-pgm-fantastic-four-25/,6,7.5,,,$868.67,"Jun 12, 2025",Jack Kirby,,cgc graded
13072,1964,May,05/01/1964,26-05/01/1964,Marvel,Super-hero,NFS,Fantastic Four,26,1,3.5,2,,https://boards.cgccomics.com/topic/541801-pgm-fantastic-four-26/,3,4,,,,,Jack Kirby,,
13083,1964,June,06/01/1964,27-06/01/1964,Marvel,Super-hero,NFS,Fantastic Four,27,1,0,0.1,,,,,,,,,Jack Kirby,,
13105,1964,Aug,08/01/1964,29-08/01/1964,Marvel,Super-hero,NFS,Fantastic Four,29,1,5,4,,https://boards.cgccomics.com/topic/541836-pgm-fantastic-four-29/,4.5,5,,,,,Jack Kirby,,
13117,1964,Sep,09/01/1964,30-09/01/1964,Marvel,Super-hero,NFS,Fantastic Four,30,1,5.5,4,,https://boards.cgccomics.com/topic/541837-pgm-fantastic-four-30/,5,5.5,,,,,Jack Kirby,,
13128,1964,Oct,10/01/1964,31-10/01/1964,Marvel,Super-hero,NFS,Fantastic Four,31,1,5,3,,https://boards.cgccomics.com/topic/541838-pgm-fantastic-four-31/,5,5,,,,,Jack Kirby,"5 ice, 14 wait",
13139,1964,Nov,11/01/1964,32-11/01/1964,Marvel,Super-hero,NFS,Fantastic Four,32,1,5.5,6,,https://boards.cgccomics.com/topic/539410-pgm-fantastic-four-32/,5,6,,,,,Jack Kirby,,
13150,1964,Dec,12/01/1964,33-12/01/1964,Marvel,Super-hero,NFS,Fantastic Four,33,1,6.5,7,,https://boards.cgccomics.com/topic/539411-pgm-fantastic-four-33/,5.5,7,qualified,,,,Jack Kirby,16 scruntch!,detached pinup
13161,1965,Jan,01/01/1965,34-01/01/1965,Marvel,Super-hero,NFS,Fantastic Four,34,1,6,7,,https://boards.cgccomics.com/topic/539412-pgm-fantastic-four-34/,5,7,qualified,,,,Jack Kirby,,detached pinup
13172,1965,Feb,02/01/1965,35-02/01/1965,Marvel,Super-hero,NFS,Fantastic Four,35,1,5.5,7,,https://boards.cgccomics.com/topic/539437-pgm-fantastic-four-35/,5,5.5,,,,,Jack Kirby,,
13183,1965,Mar,03/01/1965,36-03/01/1965,Marvel,Super-hero,NFS,Fantastic Four,36,1,5,7.5,,https://boards.cgccomics.com/topic/539438-pgm-fantstic-four-36/,5,5,,,,,Jack Kirby,,
13194,1965,Apr,04/01/1965,37-04/01/1965,Marvel,Super-hero,NFS,Fantastic Four,37,1,4.5,7.5,,https://boards.cgccomics.com/topic/539439-pgm-fantastic-four-37/,4.5,4.5,,,,,Jack Kirby,,
13205,1965,May,05/01/1965,38-05/01/1965,Marvel,Super-hero,NFS,Fantastic Four,38,1,8.5,8.5,4659391001,https://boards.cgccomics.com/topic/539449-pgm-fantastic-four-38/,7.5,8,,,,,Jack Kirby,,
13216,1965,June,06/01/1965,39-06/01/1965,Marvel,Super-hero,NFS,Fantastic Four,39,1,9,9,4659813003,https://boards.cgccomics.com/topic/539306-pgm-fantastic-four-39/,7.5,8,,,,,Jack Kirby,,
13228,1965,July,07/01/1965,40-07/01/1965,Marvel,Super-hero,NFS,Fantastic Four,40,1,6.5,7.5,,https://boards.cgccomics.com/topic/539450-pgm-fantastic-four-40/,6,7,,,,,Jack Kirby,,
13239,1965,Aug,08/01/1965,41-08/01/1965,Marvel,Super-hero,NFS,Fantastic Four,41,1,9,9,4659391002,https://boards.cgccomics.com/topic/539452-pgm-fantastic-four-41/,7,7.5,,,,,Jack Kirby,,
13247,1965,Sep,09/01/1965,42-09/01/1965,Marvel,Super-hero,NFS,Fantastic Four,42,1,6.5,7.5,,https://boards.cgccomics.com/topic/539489-pgm-fantastic-four-42/,6,6.5,,,,,Jack Kirby,,
13248,1965,Oct,10/01/1965,43-10/01/1965,Marvel,Super-hero,NFS,Fantastic Four,43,1,7,7.5,,https://boards.cgccomics.com/topic/539493-pgm-fantastic-four-43/,6,7.5,,,,,Jack Kirby,,
13249,1965,Nov,11/01/1965,44-11/01/1965,Marvel,Super-hero,NFS,Fantastic Four,44,1,9.2,9.2,4659391003,https://boards.cgccomics.com/topic/539494-pgm-fantastic-four-44/,6.5,8,,,,,Jack Kirby,,
13250,1965,Dec,12/01/1965,45-12/01/1965,Marvel,Super-hero,NFS,Fantastic Four,45,1,8,8,4633500001,https://boards.cgccomics.com/topic/539539-pgm-fantastic-four-45/,7,7,,,$422.82,"Nov 23, 2025",Jack Kirby,,
13251,1966,Jan,01/01/1966,46-01/01/1966,Marvel,Super-hero,NFS,Fantastic Four,46,1,9,9,4659813004,https://boards.cgccomics.com/topic/539387-pgm-fantastic-four-46/,6,8,,,,,Jack Kirby,,
13252,1966,Feb,02/01/1966,47-02/01/1966,Marvel,Super-hero,NFS,Fantastic Four,47,1,9,9,4659391004,https://boards.cgccomics.com/topic/539541-pgm-fantastic-four-47/,7,7.5,,,,,Jack Kirby,,
13253,1966,March,03/01/1966,48-03/01/1966,Marvel,Super-hero,NFS,Fantastic Four,48,1,6,6,4582949002,https://boards.cgccomics.com/topic/539542-pgm-fantastic-four-48/,4.5,5,,,"$1,115.00","Jun 13, 2025",Jack Kirby,,
13254,1966,Apr,04/01/1966,49-04/01/1966,Marvel,Super-hero,NFS,Fantastic Four,49,1,6.5,6.5,4633500002,https://boards.cgccomics.com/topic/539280-fantastic-four-49/,6,7,,,$640.22,"Nov 24, 2025",Jack Kirby,,
13256,1966,May,05/01/1966,50-05/01/1966,Marvel,Super-hero,NFS,Fantastic Four,50,1,9.2,9.2,4582949003,https://boards.cgccomics.com/topic/539611-pgm-fantastic-four-50/,7,8,,,"$3,920.00","Jun 13, 2025",Jack Kirby,,
13257,1966,June,06/01/1966,51-06/01/1966,Marvel,Super-hero,NFS,Fantastic Four,51,1,6,6,,https://boards.cgccomics.com/topic/539613-pgm-fantastic-four-51/,5.5,6.5,,,,,Jack Kirby,,
13258,1966,July,07/01/1966,52-07/01/1966,Marvel,Super-hero,NFS,Fantastic Four,52,1,8.5,8.5,4582949004,https://boards.cgccomics.com/topic/539614-pgm-fantastic-four-52/,5.5,7.5,,,"$2,304.11","Jun 9, 2025",Jack Kirby,,
13259,1966,Aug,08/01/1966,53-08/01/1966,Marvel,Super-hero,NFS,Fantastic Four,53,1,6,6,,https://boards.cgccomics.com/topic/539828-pgm-fantastic-four-53/,6,6,,,,,Jack Kirby,,
13261,1966,Oct,10/01/1966,55-10/01/1966,Marvel,Super-hero,NFS,Fantastic Four,55,1,9.2,9.2,4659813005,https://boards.cgccomics.com/topic/539829-pgm-fantastic-four-55/,7,7.5,,,,,Jack Kirby,,
13262,1966,Nov,11/01/1966,56-11/01/1966,Marvel,Super-hero,NFS,Fantastic Four,56,1,7.5,7.5,4659391005,https://boards.cgccomics.com/topic/539830-pgm-fantastic-four-56/,6.5,7,,https://www.ebay.com/itm/157719306625,,,Jack Kirby,,
13264,1967,Jan,01/01/1967,58-01/01/1967,Marvel,Super-hero,NFS,Fantastic Four,58,1,9.2,9.2,4659391021,https://boards.cgccomics.com/topic/541082-pgm-fantastic-four-58/,7,7.5,,,,,Jack Kirby,,
13265,1967,Feb,02/01/1967,59-02/01/1967,Marvel,Super-hero,NFS,Fantastic Four,59,1,6.5,6.5,,https://boards.cgccomics.com/topic/541129-pgm-fantastic-four-59/,6,6.5,,,,,Jack Kirby,,
13267,1967,March,03/01/1967,60-03/01/1967,Marvel,Super-hero,NFS,Fantastic Four,60,1,6,6,,https://boards.cgccomics.com/topic/541130-pgm-fantastic-four-60/,6,6,,,,,Jack Kirby,,
13268,1967,Apr,04/01/1967,61-04/01/1967,Marvel,Super-hero,NFS,Fantastic Four,61,1,7.5,7.5,,https://boards.cgccomics.com/topic/541132-pgm-fantastic-four-61/,7,7.5,,,,,Jack Kirby,,
13269,1967,May,05/01/1967,62-05/01/1967,Marvel,Super-hero,NFS,Fantastic Four,62,1,7,6.5,,https://boards.cgccomics.com/topic/541166-pgm-fantastic-four-62/,6.5,7,,,,,Jack Kirby,,
13270,1967,June,06/01/1967,63-06/01/1967,Marvel,Super-hero,NFS,Fantastic Four,63,1,7,7.5,,https://boards.cgccomics.com/topic/541167-pgm-fantastic-four-63/,6.5,7.5,,,,,Jack Kirby,,
13274,1967,Oct,10/01/1967,67-10/01/1967,Marvel,Super-hero,NFS,Fantastic Four,67,1,8,8,4659391019,https://boards.cgccomics.com/topic/541168-pgm-fantastic-four-67/,7,7,,,,,Jack Kirby,,
13275,1967,Nov,11/01/1967,68-11/01/1967,Marvel,Super-hero,NFS,Fantastic Four,68,1,6,7.5,,https://boards.cgccomics.com/topic/541185-pgm-fantastic-four-68/,5.5,6.5,,,,,Jack Kirby,,
13278,1968,Jan,01/01/1968,70-01/01/1968,Marvel,Super-hero,NFS,Fantastic Four,70,1,5,5,,https://boards.cgccomics.com/topic/541186-pgm-fantastic-four-70/,5,5,,,,,Jack Kirby,,
13284,1968,July,07/01/1968,76-07/01/1968,Marvel,Super-hero,NFS,Fantastic Four,76,1,5.5,5,,https://boards.cgccomics.com/topic/541251-pgm-fantastic-four-76/,4.5,6,,,,,Jack Kirby,,
13285,1968,Aug,08/01/1968,77-08/01/1968,Marvel,Super-hero,NFS,Fantastic Four,77,1,5,3,,https://boards.cgccomics.com/topic/541252-pgm-fantastic-four-77/,4,6,,,,,Jack Kirby,,
13286,1968,Sep,09/01/1968,78-09/01/1968,Marvel,Super-hero,NFS,Fantastic Four,78,1,5,5.5,,https://boards.cgccomics.com/topic/541253-pgm-fantastic-four-78/,4,5.5,,,,,Jack Kirby,,
13287,1968,Oct,10/01/1968,79-10/01/1968,Marvel,Super-hero,NFS,Fantastic Four,79,1,3,2,,,2.5,3,,,,,Jack Kirby,,
8687,1963,Sep,09/01/1963,1-09/01/1963,Marvel,Super-hero,NFS,Fantastic Four Annual,1,1,6,7,,,,,,,,,Jack Kirby,,
8698,1964,Sep,09/01/1964,2-09/01/1964,Marvel,Super-hero,NFS,Fantastic Four Annual,2,1,6,7,,,,,,,,,Jack Kirby,,
8707,1965,Oct,10/01/1965,3-10/01/1965,Marvel,Super-hero,NFS,Fantastic Four Annual,3,1,5,6,,,,,,,,,Jack Kirby,,
8708,1966,Nov,11/01/1966,4-11/01/1966,Marvel,Super-hero,NFS,Fantastic Four Annual,4,1,5,5,,,,,,,,,,,
8709,1967,Nov,11/01/1967,5-11/01/1967,Marvel,Super-hero,NFS,Fantastic Four Annual,5,1,5,6,,,,,,,,,Jack Kirby,,
#N/A,1966,Jan,01/01/1966,1-01/01/1966,Marvel,Super-hero,NFS,Fantastic Four replica,1,1,4,4,,,,,,,,,Jack Kirby,,
#N/A,1966,Apr,04/01/1966,2-04/01/1966,Marvel,Fantasy,NFS,Fantasy Masterpieces,2,4,5,6,,,,,,,,,"Kirby, Ditko",,
#N/A,1966,Aug,08/01/1966,4-08/01/1966,Marvel,Fantasy,NFS,Fantasy Masterpieces,4,4,3,3.5,,,,,,,,,,,
#N/A,1967,Feb,02/01/1967,7-02/01/1967,Marvel,Fantasy,NFS,Fantasy Masterpieces,7,4,2,2.5,,,,,,,,,,,
53508,1967,Apr,04/01/1967,8-04/01/1967,Marvel,Fantasy,NFS,Fantasy Masterpieces,8,4,4,4,,,,,,,,,,,
#N/A,1967,Apr,04/01/1967,2-04/01/1967,Marvel,Cowboy,NFS,Ghost Rider,2,4,0,0,,,,,,,,,Dick Ayers,,
17106,1968,Sep,09/01/1968,5-09/01/1968,Marvel,Super-hero,NFS,Invincible Iron Man,5,3,3,3.5,,,,,,,,,George Tuska,,
9781,1962,Oct,10/01/1962,85-10/01/1962,Marvel,Super-hero,NFS,Journey into Mystery,85,2,1,1,,,,,,,$630.00,"Nov 24, 2025",Kirby and Ditko,,
9787,1963,Mar,03/01/1963,90-03/01/1963,Marvel,Super-hero,NFS,Journey into Mystery,90,2,1,1.5,,,,,,,,,Al Hartley,,
9792,1963,Aug,08/01/1963,95-08/01/1963,Marvel,Super-hero,NFS,Journey into Mystery,95,2,2,2,,,,,,,,,Joe Sinnott,,
9793,1963,Sep,09/01/1963,96-09/01/1963,Marvel,Super-hero,NFS,Journey into Mystery,96,2,3,3,,,,,,,,,,,
9796,1963,Dec,12/01/1963,99-12/01/1963,Marvel,Super-hero,NFS,Journey into Mystery,99,2,3,3,,,,,,,,,,,
9674,1964,Jan,01/01/1964,100-01/01/1964,Marvel,Super-hero,NFS,Journey into Mystery,100,2,3,3,,,,,,,,,Jack Kirby,,just one story
9675,1964,Feb,02/01/1964,101-02/01/1964,Marvel,Super-hero,NFS,Journey into Mystery,101,2,2,2,,,,,,,,,Jack Kirby,,
9676,1964,Mar,03/01/1964,102-03/01/1964,Marvel,Super-hero,NFS,Journey into Mystery,102,2,3,3,,,,,,,,,Jack Kirby,,
9677,1964,Apr,04/01/1964,103-04/01/1964,Marvel,Super-hero,NFS,Journey into Mystery,103,2,4,4,,,,,,,,,Jack Kirby,,
#N/A,1967,Feb,02/01/1967,93-02/01/1967,Carlton,Super-hero,NFS,Judo Master,93,3,1,1.5,,,,,,,,,,,
#N/A,1964,Mar,03/01/1964,115-03/01/1964,Marvel,Cowboy,NFS,Kid Colt Outlaw,115,4,1,1,,,,,,,,,Jack Keller,,
#N/A,1964,May,05/01/1964,116-05/01/1964,Marvel,Cowboy,NFS,Kid Colt Outlaw,116,4,2,2.5,,,,,,,,,Jack Keller,,
#N/A,1965,Jan,01/01/1965,120-01/01/1965,Marvel,Cowboy,NFS,Kid Colt Outlaw,120,4,5,6,,,,,,,,,Jack Keller,,
#N/A,1965,Mar,03/01/1965,121-03/01/1965,Marvel,Cowboy,NFS,Kid Colt Outlaw,121,4,7,8,,,,,,,,,Jack Keller,,
#N/A,1965,May,05/01/1965,122-05/01/1965,Marvel,Cowboy,NFS,Kid Colt Outlaw,122,4,7,8,,,,,,,,,Jack Keller,,
#N/A,1964,July,07/01/1964,123-07/01/1964,Marvel,Cowboy,NFS,Kid Colt Outlaw,123,4,7,8,,,,,,,,,Jack Keller,,
#N/A,1965,Sep,09/01/1965,124-09/01/1965,Marvel,Cowboy,NFS,Kid Colt Outlaw,124,4,4,4,,,,,,,,,Jack Keller,,
#N/A,1965,Nov,11/01/1965,125-11/01/1965,Marvel,Cowboy,NFS,Kid Colt Outlaw,125,4,7,7.5,,,,,,,,,,,
#N/A,1966,Jan,01/01/1966,126-01/01/1966,Marvel,Cowboy,NFS,Kid Colt Outlaw,126,4,3,3,,,,,,,,,Jack Keller,,
#N/A,1966,Mar,03/01/1966,127-03/01/1966,Marvel,Cowboy,NFS,Kid Colt Outlaw,127,4,5,5,,,,,,,,,Jack Keller,,
#N/A,1957,Apr,04/01/1957,5-04/01/1957,Atlas,Military,NFS,Marines at War,5,4,2,2,,,,,,,,,,,
#N/A,1957,Mar,03/01/1957,11-03/01/1957,Atlas,Military,NFS,Marines in Action,11,4,3,3.5,,,,,,,,,,,
#N/A,1958,Jan,01/01/1958,21-01/01/1958,Warwick,Military,NFS,Marines in Battle,21,4,1,1.5,,,,,,,,,,,
#N/A,1958,Mar,03/01/1958,22-03/01/1958,Warwick,Military,NFS,Marines in Battle,22,4,1,1.5,,,,,,,,,,,
#N/A,1958,Sep,09/01/1958,25-09/01/1958,Warwick,Military,NFS,Marines in Battle,25,4,2,2,,,,,,,,,,,
#N/A,1964,Mar,03/01/1964,111-03/01/1964,Editors Press Service,Military,NFS,Marinos en accion,111,4,1,1,,,,,,,,,,,
#N/A,1965,Dec,12/01/1965,1-12/01/1965,Marvel,Reprints,NFS,Marvel Collectors' Item Classics,1,4,4,4,,,,,,,,,,,
#N/A,1966,Apr,04/01/1966,2-04/01/1966,Marvel,Reprints,NFS,Marvel Collectors' Item Classics,2,4,3,3,,,,,,,,,,,
#N/A,1966,June,06/01/1966,3-06/01/1966,Marvel,Reprints,NFS,Marvel Collectors' Item Classics,3,4,5,5,,,,,,,,,,,
#N/A,1966,Aug,08/01/1966,4-08/01/1966,Marvel,Reprints,NFS,Marvel Collectors' Item Classics,4,4,4,4,,,,,,,,,,,
#N/A,1966,Oct,10/01/1966,5-10/01/1966,Marvel,Reprints,NFS,Marvel Collectors' Item Classics,5,4,3,3.5,,,,,,,,,,,
#N/A,1966,Dec,12/01/1966,6-12/01/1966,Marvel,Reprints,NFS,Marvel Collectors' Item Classics,6,4,2,2.5,,,,,,,,,,,
#N/A,1967,Feb,02/01/1967,7-02/01/1967,Marvel,Reprints,NFS,Marvel Collectors' Item Classics,7,4,2,2.5,,,,,,,,,,,
#N/A,1967,June,06/01/1967,9-06/01/1967,Marvel,Reprints,NFS,Marvel Collectors' Item Classics,9,4,3,3.5,,,,,,,,,,,
#N/A,1969,June,06/01/1969,21-06/01/1969,Marvel,Reprints,NFS,Marvel Collectors' Item Classics,21,4,3,3.5,,,,,,,,,,,
#N/A,1969,Aug,08/01/1969,22-08/01/1969,Marvel,Reprints,NFS,Marvel Collectors' Item Classics,22,4,2,2.5,,,,,,,,,"Kirby, Ditko",,
#N/A,1966,Oct,10/01/1966,1-10/01/1966,Marvel,Reprints,NFS,Marvel Super-Heroes,1,4,4,4,,,,,,,,,,,
15423,1967,Dec,12/01/1967,12-12/01/1967,Marvel,Reprints,NFS,Marvel Super-Heroes,12,4,4,4,,,,,,,,,Gene Colan,,
15424,1968,Mar,03/01/1968,13-03/01/1968,Marvel,Reprints,NFS,Marvel Super-Heroes,13,4,5,5,,,,,,,,,,,
15425,1968,May,05/01/1968,14-05/01/1968,Marvel,Reprints,NFS,Marvel Super-Heroes,14,4,5,5,,,,,,,,,,,
#N/A,1964,Dec,12/01/1964,1-12/01/1964,Marvel,Reprints,NFS,Marvel Tales,1,4,3,3.5,,,,,,,,,"Kirby, Ditko",,
#N/A,1965,Dec,12/01/1965,2-12/01/1965,Marvel,Reprints,NFS,Marvel Tales,2,4,5,6,,,,,,,,,"Kirby, Ditko",,
#N/A,1966,July,07/01/1966,3-07/01/1966,Marvel,Reprints,NFS,Marvel Tales,3,4,4,4.5,,,,,,,,,,,
#N/A,1966,Nov,11/01/1966,5-11/01/1966,Marvel,Reprints,NFS,Marvel Tales,5,4,5,5,,,,,,,,,,,
#N/A,1968,Sep,09/01/1968,16-09/01/1968,Marvel,Reprints,NFS,Marvel Tales,16,4,5,6,,,,,,,,,"Kirby, Ditko",,
#N/A,1969,Dec,12/01/1969,24-12/01/1969,Marvel,Reprints,NFS,Marvel's Greatest Comics,24,4,3,3,,,,,,,,,,,
#N/A,1971,June,06/01/1971,31-06/01/1971,Marvel,Reprints,NFS,Marvel's Greatest Comics,31,4,6,7,,,,,,,,,,,
9680,1964,July,07/01/1964,106-07/01/1964,Marvel,Super-hero,NFS,Mighty Thor,106,2,2,2,,,,,,,,,Jack Kirby,,
9681,1964,Aug,08/01/1964,107-08/01/1964,Marvel,Super-hero,NFS,Mighty Thor,107,2,6,7,,,,,,,,,Jack Kirby,,
9682,1964,Sep,09/01/1964,108-09/01/1964,Marvel,Super-hero,NFS,Mighty Thor,108,2,4,4,,,,,,,,,Jack Kirby,"14 loki, 4 operating, 2 whoom1",
9683,1964,Oct,10/01/1964,109-10/01/1964,Marvel,Super-hero,NFS,Mighty Thor,109,2,5,5,,,,,,,,,Jack Kirby,5 metal,
9685,1964,Nov,11/01/1964,110-11/01/1964,Marvel,Super-hero,NFS,Mighty Thor,110,2,6,7,,,,,,,,,Jack Kirby,,
9686,1964,Dec,12/01/1964,111-12/01/1964,Marvel,Super-hero,NFS,Mighty Thor,111,2,6,7,,,,,,,,,Jack Kirby,,
9687,1965,Jan,01/01/1965,112-01/01/1965,Marvel,Super-hero,NFS,Mighty Thor,112,2,6,7,,,,,,,,,Jack Kirby,,
9688,1965,Feb,02/01/1965,113-02/01/1965,Marvel,Super-hero,NFS,Mighty Thor,113,2,7,7.5,,,,,,,,,Jack Kirby,,
9689,1965,March,03/01/1965,114-03/01/1965,Marvel,Super-hero,NFS,Mighty Thor,114,2,7,7,4659391012,,,,,,,,Jack Kirby,,
9690,1965,Apr,04/01/1965,115-04/01/1965,Marvel,Super-hero,NFS,Mighty Thor,115,2,9,9,4659391013,,,,,,,,Jack Kirby,,
9691,1965,May,05/01/1965,116-05/01/1965,Marvel,Super-hero,NFS,Mighty Thor,116,2,8,8,4659391014,,,,,,,,Jack Kirby,,
9692,1965,June,06/01/1965,117-06/01/1965,Marvel,Super-hero,NFS,Mighty Thor,117,2,7,7.5,,,,,,,,,Jack Kirby,,
9693,1965,July,07/01/1965,118-07/01/1965,Marvel,Super-hero,NFS,Mighty Thor,118,2,9.2,9.2,4659391015,,,,,,,,Jack Kirby,,
9694,1965,Aug,08/01/1965,119-08/01/1965,Marvel,Super-hero,NFS,Mighty Thor,119,2,7,7.5,,,,,,,,,Jack Kirby,,
9696,1965,Sep,09/01/1965,120-09/01/1965,Marvel,Super-hero,NFS,Mighty Thor,120,2,7,7.5,,,,,,,,,Jack Kirby,,
9698,1965,Nov,11/01/1965,122-11/01/1965,Marvel,Super-hero,NFS,Mighty Thor,122,2,7,7.5,,,,,,,,,Jack Kirby,,
11459,1966,Aug,08/01/1966,131-08/01/1966,Marvel,Super-hero,NFS,Mighty Thor,131,2,5,5,,,,,,,,,Jack Kirby,,
11460,1966,Sep,09/01/1966,132-09/01/1966,Marvel,Super-hero,NFS,Mighty Thor,132,2,7,7.5,,,,,,,,,Jack Kirby,,
11461,1966,Oct,10/01/1966,133-10/01/1966,Marvel,Super-hero,NFS,Mighty Thor,133,2,7,7.5,,,,,,,,,Jack Kirby,,
11462,1966,Nov,11/01/1966,134-11/01/1966,Marvel,Super-hero,NFS,Mighty Thor,134,2,5.5,5.5,4659391016,,,,,https://www.ebay.com/itm/157719306655,,,Jack Kirby,,
11463,1966,Dec,12/01/1966,135-12/01/1966,Marvel,Super-hero,NFS,Mighty Thor,135,2,7,7.5,,,,,,,,,Jack Kirby,,
11464,1967,Jan,01/01/1967,136-01/01/1967,Marvel,Super-hero,NFS,Mighty Thor,136,2,7,7.5,,,,,,,,,Jack Kirby,,
11465,1967,Feb,02/01/1967,137-02/01/1967,Marvel,Super-hero,NFS,Mighty Thor,137,2,7,7.5,,,,,,,,,Jack Kirby,,
11466,1967,March,03/01/1967,138-03/01/1967,Marvel,Super-hero,NFS,Mighty Thor,138,2,7,7.5,,,,,,,,,Jack Kirby,,
11467,1967,Apr,04/01/1967,139-04/01/1967,Marvel,Super-hero,NFS,Mighty Thor,139,2,7,7.5,,,,,,,,,Jack Kirby,,
11468,1967,May,05/01/1967,140-05/01/1967,Marvel,Super-hero,NFS,Mighty Thor,140,2,7,7.5,,,,,,,,,Jack Kirby,,
11469,1967,June,06/01/1967,141-06/01/1967,Marvel,Super-hero,NFS,Mighty Thor,141,2,7,7.5,,,,,,,,,Jack Kirby,,
11470,1967,July,07/01/1967,142-07/01/1967,Marvel,Super-hero,NFS,Mighty Thor,142,2,7,7.5,,,,,,,,,Jack Kirby,,
11472,1967,Sep,09/01/1967,144-09/01/1967,Marvel,Super-hero,NFS,Mighty Thor,144,2,7,7.5,,,,,,,,,Jack Kirby,,
11473,1967,Oct,10/01/1967,145-10/01/1967,Marvel,Super-hero,NFS,Mighty Thor,145,2,7,7.5,,,,,,,,,Jack Kirby,,
11474,1967,Nov,11/01/1967,146-11/01/1967,Marvel,Super-hero,NFS,Mighty Thor,146,2,6,7,,,,,,,,,Jack Kirby,,
11481,1968,June,06/01/1968,153-06/01/1968,Marvel,Super-hero,NFS,Mighty Thor,153,2,7,7.5,,,,,,,,,Jack Kirby,,
11482,1968,July,07/01/1968,154-07/01/1968,Marvel,Super-hero,NFS,Mighty Thor,154,2,7,7.5,,,,,,,,,Jack Kirby,,
11483,1968,Aug,08/01/1968,155-08/01/1968,Marvel,Super-hero,NFS,Mighty Thor,155,2,7,7.5,,,,,,,,,Jack Kirby,,
11484,1968,Sep,09/01/1968,156-09/01/1968,Marvel,Super-hero,NFS,Mighty Thor,156,2,7,7.5,,,,,,,,,Jack Kirby,,
11485,1968,Oct,10/01/1968,157-10/01/1968,Marvel,Super-hero,NFS,Mighty Thor,157,2,7,7.5,,,,,,,,,Jack Kirby,,
11499,1969,Dec,12/01/1969,171-12/01/1969,Marvel,Super-hero,NFS,Mighty Thor,171,2,5,5,,,,,,,,,Jack Kirby,,
#N/A,1971,Dec,12/01/1971,1-12/01/1971,Zap,Alt,NFS,Motor City Comics,1,4,5,5,,,,,,,,,,,
#N/A,1957,Jan,01/01/1957,15-01/01/1957,Atlas,Military,NFS,Navy Action,15,4,0,0.5,,,,,,,,,,,
#N/A,1957,Apr,04/01/1957,16-04/01/1957,Atlas,Military,NFS,Navy Action,16,4,2,2,,,,,,,,,,,
#N/A,1958,Feb,02/01/1958,16-02/01/1958,Manvis,Military,NFS,Navy Combat,16,4,1,1.5,,,,,,,,,,,
#N/A,1958,June,06/01/1958,18-06/01/1958,Manvis,Military,NFS,Navy Combat,18,4,2,2.5,,,,,,,,,,,
#N/A,1968,June,06/01/1968,1-06/01/1968,Marvel,Military,NFS,"Nick Fury, Agent of SHIELD",1,4,1,1,,,,,,,,,Jim Steranko,,
65343,1967,Aug,08/01/1967,1-08/01/1967,Marvel,Humor,NFS,Not Brand Echh,1,4,3,3.5,,,,,,,,,,,
65344,1967,Sep,09/01/1967,2-09/01/1967,Marvel,Humor,NFS,Not Brand Echh,2,4,5,6,,,,,,,,,,,
65345,1967,Oct,10/01/1967,3-10/01/1967,Marvel,Humor,NFS,Not Brand Echh,3,4,3,3.5,,,,,,,,,,,
16905,1967,Nov,11/01/1967,4-11/01/1967,Marvel,Humor,NFS,Not Brand Echh,4,4,5,6,,,,,,,,,,,
65347,1967,Dec,12/01/1967,5-12/01/1967,Marvel,Humor,NFS,Not Brand Echh,5,4,4,4.5,,,,,,,,,,,
65348,1968,Feb,02/01/1968,6-02/01/1968,Marvel,Humor,NFS,Not Brand Echh,6,4,3,3.5,,,,,,,,,,,
65349,1968,Apr,04/01/1968,7-04/01/1968,Marvel,Humor,NFS,Not Brand Echh,7,4,4,4,,,,,,,,,,,
65350,1968,June,06/01/1968,8-06/01/1968,Marvel,Humor,NFS,Not Brand Echh,8,4,4,4.5,,,,,,,,,,,
65351,1968,Aug,08/01/1968,9-08/01/1968,Marvel,Humor,NFS,Not Brand Echh,9,4,2,2.5,,,,,,,,,,,
#N/A,1968,Sep,09/01/1968,16-09/01/1968,Marvel,Super-hero,NFS,Phantom Eagle,16,,3,3,,,,,,,,,,,
#N/A,1957,May,05/01/1957,14-05/01/1957,Atlas,Cowboy,NFS,Rawhide Kid,14,4,0,0.5,,,,,,,,,Dick Ayers,,
16999,1963,Dec,12/01/1963,37-12/01/1963,Marvel,Cowboy,NFS,Rawhide Kid,37,4,0,0.5,,,,,,,,,Dick Ayers,,
17006,1965,Feb,02/01/1965,44-02/01/1965,Marvel,Cowboy,NFS,Rawhide Kid,44,4,5,5,,,,,,,,,Larry Lieber,,
17007,1965,Apr,04/01/1965,45-04/01/1965,Marvel,Cowboy,NFS,Rawhide Kid,45,4,3,3,,,,,,,,,Larry Lieber,,
17008,1965,June,06/01/1965,46-06/01/1965,Marvel,Cowboy,NFS,Rawhide Kid,46,4,5,5,,,,,,,,,Larry Lieber,,
17009,1965,Aug,08/01/1965,47-08/01/1965,Marvel,Cowboy,NFS,Rawhide Kid,47,4,5,6,,,,,,,,,Larry Lieber,,
17010,1965,Oct,10/01/1965,48-10/01/1965,Marvel,Cowboy,NFS,Rawhide Kid,48,4,5,5,,,,,,,,,Larry Lieber,,
17011,1965,Dec,12/01/1965,49-12/01/1965,Marvel,Cowboy,NFS,Rawhide Kid,49,4,5,6,,,,,,,,,Larry Lieber,,
17013,1966,Apr,04/01/1966,51-04/01/1966,Marvel,Cowboy,NFS,Rawhide Kid,51,4,5,6,,,,,,,,,Larry Lieber,,
17014,1966,June,06/01/1966,52-06/01/1966,Marvel,Cowboy,NFS,Rawhide Kid,52,4,6,7,,,,,,,,,Larry Lieber,,
#N/A,1989,Sep,09/01/1989,3-09/01/1989,Revolutionary Comics,Music,NFS,Rock n Roll Comics,3,4,4,4,,,,,,,,,,,
#N/A,1981,Feb,02/01/1981,13-02/01/1981,Marvel,Super-hero,NFS,Savage She-Hulk,13,3,2,2.5,,,,,,,,,,,
#N/A,1947,Dec,12/01/1947,1-12/01/1947,,Instruction,NFS,Secrets Behind The Comics by Stan Lee,1,4,2,2,,,,,,,,,,,
10698,1963,Nov,11/01/1963,4-11/01/1963,Marvel,Military,NFS,Sgt. Fury and his Howling Commandos,4,4,1,1,,,,,,,,,Jack Kirby,,
10709,1964,Jan,01/01/1964,5-01/01/1964,Marvel,Military,NFS,Sgt. Fury and his Howling Commandos,5,4,1,1.5,,,,,,,,,Jack Kirby,,
10645,1964,Sep,09/01/1964,10-09/01/1964,Marvel,Military,NFS,Sgt. Fury and his Howling Commandos,10,4,1,1.5,,,,,,,,,Dick Ayers,,
10656,1964,Oct,10/01/1964,11-10/01/1964,Marvel,Military,NFS,Sgt. Fury and his Howling Commandos,11,4,5,6,,,,,,,,,Dick Ayers,,
10667,1964,Nov,11/01/1964,12-11/01/1964,Marvel,Military,NFS,Sgt. Fury and his Howling Commandos,12,4,5,5,,,,,,,,,Dick Ayers,,
10669,1964,Dec,12/01/1964,13-12/01/1964,Marvel,Military,NFS,Sgt. Fury and his Howling Commandos,13,4,2,2.5,,,,,,,,,Jack Kirby,,
10670,1965,Jan,01/01/1965,14-01/01/1965,Marvel,Military,NFS,Sgt. Fury and his Howling Commandos,14,4,5,6,,,,,,,,,Dick Ayers,,
10671,1965,Feb,02/01/1965,15-02/01/1965,Marvel,Military,NFS,Sgt. Fury and his Howling Commandos,15,4,5,5,,,,,,,,,Dick Ayers,,
10673,1965,Apr,04/01/1965,17-04/01/1965,Marvel,Military,NFS,Sgt. Fury and his Howling Commandos,17,4,3,3.5,,,,,,,,,Dick Ayers,,
10674,1965,May,05/01/1965,18-05/01/1965,Marvel,Military,NFS,Sgt. Fury and his Howling Commandos,18,4,4,4,,,,,,,,,Dick Ayers,,
10675,1965,June,06/01/1965,19-06/01/1965,Marvel,Military,NFS,Sgt. Fury and his Howling Commandos,19,4,7,8,,,,,,,,,Dick Ayers,,
10677,1965,July,07/01/1965,20-07/01/1965,Marvel,Military,NFS,Sgt. Fury and his Howling Commandos,20,4,5,5,,,,,,,,,Dick Ayers,,
10678,1965,Aug,08/01/1965,21-08/01/1965,Marvel,Military,NFS,Sgt. Fury and his Howling Commandos,21,4,3,3,,,,,,,,,Dick Ayers,,
10679,1965,Sep,09/01/1965,22-09/01/1965,Marvel,Military,NFS,Sgt. Fury and his Howling Commandos,22,4,2,2.5,,,,,,,,,Dick Ayers,,
10680,1965,Oct,10/01/1965,23-10/01/1965,Marvel,Military,NFS,Sgt. Fury and his Howling Commandos,23,4,7,8,,,,,,,,,Dick Ayers,,
10681,1965,Nov,11/01/1965,24-11/01/1965,Marvel,Military,NFS,Sgt. Fury and his Howling Commandos,24,4,3,3.5,,,,,,,,,Dick Ayers,,
10682,1965,Dec,12/01/1965,25-12/01/1965,Marvel,Military,NFS,Sgt. Fury and his Howling Commandos,25,4,3,3.5,,,,,,,,,Dick Ayers,,
10683,1966,Jan,01/01/1966,26-01/01/1966,Marvel,Military,NFS,Sgt. Fury and his Howling Commandos,26,4,4,4,,,,,,,,,Dick Ayers,,
10684,1966,Feb,02/01/1966,27-02/01/1966,Marvel,Military,NFS,Sgt. Fury and his Howling Commandos,27,4,2,2,,,,,,,,,Dick Ayers,,
10685,1966,Mar,03/01/1966,28-03/01/1966,Marvel,Military,NFS,Sgt. Fury and his Howling Commandos,28,4,1,1.5,,,,,,,,,Dick Ayers,,
10686,1966,Apr,04/01/1966,29-04/01/1966,Marvel,Military,NFS,Sgt. Fury and his Howling Commandos,29,4,1,1,,,,,,,,,Dick Ayers,,
10688,1966,May,05/01/1966,30-05/01/1966,Marvel,Military,NFS,Sgt. Fury and his Howling Commandos,30,4,2,2,,,,,,,,,Dick Ayers,,
10689,1966,June,06/01/1966,31-06/01/1966,Marvel,Military,NFS,Sgt. Fury and his Howling Commandos,31,4,1,1,,,,,,,,,Dick Ayers,,
10717,1968,Aug,08/01/1968,57-08/01/1968,Marvel,Military,NFS,Sgt. Fury and his Howling Commandos,57,4,0,0.5,,,,,,,,,Severin,,
16096,1968,Aug,08/01/1968,1-08/01/1968,Marvel,Super-hero,NFS,Silver Surfer,1,3,5,5,263997004,,,,,https://www.ebay.com/itm/296723866613,460,2024-10-03,John Buscema,,cgc graded
16097,1968,Oct,10/01/1968,2-10/01/1968,Marvel,Super-hero,NFS,Silver Surfer,2,3,5,5.5,,,,,,,,,John Buscema,,
#N/A,1961,April,04/01/1961,39-04/01/1961,Carlton,Super-hero,NFS,Space Adventures,39,3,0,0.5,,,,,,,,,Steve Ditko,,
11170,1961,Aug,08/01/1961,87-08/01/1961,Marvel,Super-hero,NFS,Strange Tales,87,3,0,0.5,,,,,,,,,Jack Kirby,,
11178,1962,Mar,03/01/1962,94-03/01/1962,Marvel,Super-hero,NFS,Strange Tales,94,3,2,2,,,,,,,,,"Kirby, Ditko","3, 4 ditko, 2 kirby",
11183,1962,Aug,08/01/1962,99-08/01/1962,Marvel,Super-hero,NFS,Strange Tales,99,3,0,0.5,,,,,,,,,"Kirby, Ditko",2 kirby,
11020,1962,Nov,11/01/1962,102-11/01/1962,Marvel,Super-hero,NFS,Strange Tales,102,3,1,1,,,,,,,,,Jack Kirby,,
11022,1963,Jan,01/01/1963,104-01/01/1963,Marvel,Super-hero,NFS,Strange Tales,104,3,0,0.1,,,,,,,,,"Kirby, Ditko",,
11026,1963,May,05/01/1963,108-05/01/1963,Marvel,Super-hero,NFS,Strange Tales,108,3,3,3.5,,,,,,,,,Jack Kirby,,
11030,1963,Aug,08/01/1963,111-08/01/1963,Marvel,Super-hero,NFS,Strange Tales,111,3,2,2,,,,,,,,,,,
11033,1963,Nov,11/01/1963,114-11/01/1963,Marvel,Super-hero,NFS,Strange Tales,114,3,5,5,,,,,,,,,"Kirby, Ditko",,
11038,1964,Apr,04/01/1964,119-04/01/1964,Marvel,Super-hero,NFS,Strange Tales,119,3,0,0.5,,,,,,,,,"Kirby, Ditko",,
11040,1964,May,05/01/1964,120-05/01/1964,Marvel,Super-hero,NFS,Strange Tales,120,3,1,1,,,,,,,,,"Kirby, Ditko",,
11042,1964,July,07/01/1964,122-07/01/1964,Marvel,Super-hero,NFS,Strange Tales,122,3,2,2,,,,,,,,,Steve Ditko,,
11044,1964,Sep,09/01/1964,124-09/01/1964,Marvel,Super-hero,NFS,Strange Tales,124,3,3,3.5,,,,,,,,,Steve Ditko,,
11045,1964,Oct,10/01/1964,125-10/01/1964,Marvel,Super-hero,NFS,Strange Tales,125,3,3,3,,,,,,,,,Steve Ditko,,
11046,1964,Nov,11/01/1964,126-11/01/1964,Marvel,Super-hero,NFS,Strange Tales,126,3,3,3.5,,,,,,,,,Steve Ditko,,
11047,1964,Dec,12/01/1964,127-12/01/1964,Marvel,Super-hero,NFS,Strange Tales,127,3,4,4.5,,,,,,,,,Steve Ditko,,
11048,1965,Jan,01/01/1965,128-01/01/1965,Marvel,Super-hero,NFS,Strange Tales,128,3,5,5.5,,,,,,,,,Steve Ditko,,
11049,1965,Feb,02/01/1965,129-02/01/1965,Marvel,Super-hero,NFS,Strange Tales,129,3,4,4.5,,,,,,,,,Steve Ditko,,
11051,1965,Mar,03/01/1965,130-03/01/1965,Marvel,Super-hero,NFS,Strange Tales,130,3,3,3.5,,,,,,,,,Steve Ditko,,
11052,1965,April,04/01/1965,131-04/01/1965,Marvel,Super-hero,NFS,Strange Tales,131,3,3,3.5,,,,,,,,,Steve Ditko,,
11053,1965,May,05/01/1965,132-05/01/1965,Marvel,Super-hero,NFS,Strange Tales,132,3,3,3,,,,,,,,,Steve Ditko,,
11054,1965,June,06/01/1965,133-06/01/1965,Marvel,Super-hero,NFS,Strange Tales,133,3,5,5.5,,,,,,,,,Steve Ditko,,
11055,1965,July,07/01/1965,134-07/01/1965,Marvel,Super-hero,NFS,Strange Tales,134,3,4,4.5,,,,,,,,,Steve Ditko,,
11057,1965,Sep,09/01/1965,136-09/01/1965,Marvel,Super-hero,NFS,Strange Tales,136,3,5,5.5,,,,,,,,,"Kirby, Ditko",,
11058,1965,Oct,10/01/1965,137-10/01/1965,Marvel,Super-hero,NFS,Strange Tales,137,3,4,4.5,,,,,,,,,"Kirby, Ditko",,
11060,1965,Dec,12/01/1965,139-12/01/1965,Marvel,Super-hero,NFS,Strange Tales,139,3,4,4,,,,,,,,,"Kirby, Ditko",,
11062,1966,Jan,01/01/1966,140-01/01/1966,Marvel,Super-hero,NFS,Strange Tales,140,3,4,4,,,,,,,,,"Kirby, Ditko",,
11063,1966,Feb,02/01/1966,141-02/01/1966,Marvel,Super-hero,NFS,Strange Tales,141,3,5,5,,,,,,,,,"Kirby, Ditko",,
11064,1966,Mar,03/01/1966,142-03/01/1966,Marvel,Super-hero,NFS,Strange Tales,142,3,5,5,,,,,,,,,"Kirby, Ditko",,
11065,1966,Apr,04/01/1966,143-04/01/1966,Marvel,Super-hero,NFS,Strange Tales,143,3,5,5,,,,,,,,,"Kirby, Ditko",,
11067,1966,June,06/01/1966,145-06/01/1966,Marvel,Super-hero,NFS,Strange Tales,145,3,5,5,,,,,,,,,"Kirby, Ditko",,
11068,1966,July,07/01/1966,146-07/01/1966,Marvel,Super-hero,NFS,Strange Tales,146,3,4,4,,,,,,,,,"Kirby, Ditko",,
11069,1966,Aug,08/01/1966,147-08/01/1966,Marvel,Super-hero,NFS,Strange Tales,147,3,5,5,,,,,,,,,"Kirby, Billy Elliot",,
11069,1966,Aug,08/01/1966,147-08/01/1966,Marvel,Super-hero,NFS,Strange Tales,147,3,5,5,,,,,,,,,"Kirby, Billy Elliot",,copy #2
11071,1966,Oct,10/01/1966,149-10/01/1966,Marvel,Super-hero,NFS,Strange Tales,149,3,4,4,,,,,,,,,"Kirby, Billy Elliot",,
11073,1966,Nov,11/01/1966,150-11/01/1966,Marvel,Super-hero,NFS,Strange Tales,150,3,3,3,,,,,,,,,"Kirby, Billy Elliot",,
11075,1967,Jan,01/01/1967,152-01/01/1967,Marvel,Super-hero,NFS,Strange Tales,152,3,2,2,,,,,,,,,"Kirby, Billy Elliot",,
22141,1962,Jan,01/01/1962,1-01/01/1962,Marvel,Super-hero,NFS,Strange Tales Annual,1,3,1,1.5,,,,,,,,,"Kirby, Ditko",,
22142,1963,Jun,06/01/1963,2-06/01/1963,Marvel,Super-hero,NFS,Strange Tales Annual,2,3,4,4.5,,,,,,,,,"Kirby, Ditko",,
17062,1968,May,05/01/1968,1-05/01/1968,Marvel,Super-hero,NFS,Sub-Mariner,1,3,1,1.5,,,,,,,,,John Buscema,,
17106,1968,Sep,09/01/1968,5-09/01/1968,Marvel,Super-hero,NFS,Sub-Mariner,5,3,1,1.5,,,,,,,,,John Buscema,,
#N/A,1973,Oct,10/01/1973,4-10/01/1973,DC,Fantasy,NFS,Sword of Sorcery,4,4,0,0.5,,,,,,,,,"Chaykin, Inc.",,
#N/A,1968,Oct,10/01/1968,1-10/01/1968,Marvel,Super-hero,NFS,Tales of Asgard,1,3,5,6,,,,,,,,,Jack Kirby,,
11281,1959,July,07/01/1959,4-07/01/1959,Marvel,Super-hero,NFS,Tales of Suspense,4,3,0,0.5,,,,,,,,,"Kirby, Ditko",,
11273,1962,Aug,08/01/1962,32-08/01/1962,Marvel,Super-hero,NFS,Tales of Suspense,32,3,0,0.5,,,,,,,,,Jack Kirby,,
11275,1962,Oct,10/01/1962,34-10/01/1962,Marvel,Super-hero,NFS,Tales of Suspense,34,3,3,3.5,,,,,,,,,"Kirby, Ditko",,
11282,1963,Apr,04/01/1963,40-04/01/1963,Marvel,Super-hero,NFS,Tales of Suspense,40,3,2,2.5,,,,,,,,,"Kirby, Ditko",,
11285,1963,July,07/01/1963,43-07/01/1963,Marvel,Super-hero,NFS,Tales of Suspense,43,3,6,7,,,,,,,,,"Kirby, Ditko",,
11287,1963,Sep,09/01/1963,45-09/01/1963,Marvel,Super-hero,NFS,Tales of Suspense,45,3,2,2,,,,,,,,,Don Heck,,
11289,1963,Nov,11/01/1963,47-11/01/1963,Marvel,Super-hero,NFS,Tales of Suspense,47,3,1,1,,,,,,,,,Don Heck,,
11290,1963,Dec,12/01/1963,48-12/01/1963,Marvel,Super-hero,NFS,Tales of Suspense,48,3,5,6,,,,,,,,,Steve Ditko,,
11291,1964,Jan,01/01/1964,49-01/01/1964,Marvel,Super-hero,NFS,Tales of Suspense,49,3,5,5,,,,,,,,,Ditko-Reinman,,
11293,1964,Feb,02/01/1964,50-02/01/1964,Marvel,Super-hero,NFS,Tales of Suspense,50,3,4,4.5,,,,,,,,,Don Heck,,
11294,1964,Mar,03/01/1964,51-03/01/1964,Marvel,Super-hero,NFS,Tales of Suspense,51,3,0,0.1,,,,,,,,,Don Heck,,
11295,1964,Apr,04/01/1964,52-04/01/1964,Marvel,Super-hero,NFS,Tales of Suspense,52,3,4,4,,,,,,,,,Don Heck,,
11296,1964,May,05/01/1964,53-05/01/1964,Marvel,Super-hero,NFS,Tales of Suspense,53,3,3,3.5,,,,,,,,,Don Heck,,
11297,1964,June,06/01/1964,54-06/01/1964,Marvel,Super-hero,NFS,Tales of Suspense,54,3,3,3,,,,,,,,,Don Heck,,
11298,1964,July,07/01/1964,55-07/01/1964,Marvel,Super-hero,NFS,Tales of Suspense,55,3,3,3.5,,,,,,,,,Don Heck,,
11299,1964,Aug,08/01/1964,56-08/01/1964,Marvel,Super-hero,NFS,Tales of Suspense,56,3,0,0.5,,,,,,,,,Don Heck,,
11300,1964,Sep,09/01/1964,57-09/01/1964,Marvel,Super-hero,NFS,Tales of Suspense,57,3,5,5,,,,,,,,,,,
11301,1964,Oct,10/01/1964,58-10/01/1964,Marvel,Super-hero,NFS,Tales of Suspense,58,3,5,6,,,,,,,,,Don Heck,,
11302,1964,Nov,11/01/1964,59-11/01/1964,Marvel,Super-hero,NFS,Tales of Suspense,59,A,7,7,4659391020,,,,,,,,,,
11304,1964,Dec,12/01/1964,60-12/01/1964,Marvel,Super-hero,NFS,Tales of Suspense,60,3,1,1.5,,,,,,,,,"Jack Kirby, Don Heck",,
11305,1965,Jan,01/01/1965,61-01/01/1965,Marvel,Super-hero,NFS,Tales of Suspense,61,3,5,5.5,,,,,,,,,Jack Kirby,,
11306,1965,Feb,02/01/1965,62-02/01/1965,Marvel,Super-hero,NFS,Tales of Suspense,62,3,5,6,,,,,,,,,Jack Kirby,,
11307,1965,March,03/01/1965,63-03/01/1965,Marvel,Super-hero,NFS,Tales of Suspense,63,A,7,7.5,,,,,,,,,,,
11308,1965,Apr,04/01/1965,64-04/01/1965,Marvel,Super-hero,NFS,Tales of Suspense,64,3,5,6,,,,,,,,,Jack Kirby,,
11309,1965,May,05/01/1965,65-05/01/1965,Marvel,Super-hero,NFS,Tales of Suspense,65,3,5,6,,,,,,,,,Jack Kirby,,
11311,1965,July,07/01/1965,67-07/01/1965,Marvel,Super-hero,NFS,Tales of Suspense,67,3,5,6,,,,,,,,,Jack Kirby,,
11316,1965,Nov,11/01/1965,71-11/01/1965,Marvel,Super-hero,NFS,Tales of Suspense,71,3,6,6.5,,,,,,,,,Jack Kirby,,
11317,1965,Dec,12/01/1965,72-12/01/1965,Marvel,Super-hero,NFS,Tales of Suspense,72,3,6,6.5,,,,,,,,,Jack Kirby,,
11318,1966,Jan,01/01/1966,73-01/01/1966,Marvel,Super-hero,NFS,Tales of Suspense,73,3,4,4.5,,,,,,,,,Jack Kirby,,
11319,1966,Feb,02/01/1966,74-02/01/1966,Marvel,Super-hero,NFS,Tales of Suspense,74,3,5,5,,,,,,,,,Adam Austin,,
11320,1966,Mar,03/01/1966,75-03/01/1966,Marvel,Super-hero,NFS,Tales of Suspense,75,3,5,5.5,,,,,,,,,Adam Austin,,
11321,1966,Apr,04/01/1966,76-04/01/1966,Marvel,Super-hero,NFS,Tales of Suspense,76,3,4,4.5,,,,,,,,,"Adam Austin, Johnny Romita",,
11322,1966,May,05/01/1966,77-05/01/1966,Marvel,Super-hero,NFS,Tales of Suspense,77,3,5,5,,,,,,,,,"Adam Austin, Johnny Romita",,
11324,1966,July,07/01/1966,79-07/01/1966,Marvel,Super-hero,NFS,Tales of Suspense,79,3,5,6,,,,,,,,,Jack Kirby,,
11328,1966,Oct,10/01/1966,82-10/01/1966,Marvel,Super-hero,NFS,Tales of Suspense,82,3,5,5,,,,,,,,,Jack Kirby,,
11329,1966,Nov,11/01/1966,83-11/01/1966,Marvel,Super-hero,NFS,Tales of Suspense,83,3,4,4,,,,,,,,,Jack Kirby,,
11331,1967,Jan,01/01/1967,85-01/01/1967,Marvel,Super-hero,NFS,Tales of Suspense,85,3,3,3.5,,,,,,,,,Jack Kirby,,
11389,1963,Aug,08/01/1963,46-08/01/1963,Marvel,Super-hero,NFS,Tales to Astonish,46,3,2,2,,,,,,,,,Don Heck,,
11391,1963,Oct,10/01/1963,48-10/01/1963,Marvel,Super-hero,NFS,Tales to Astonish,48,3,3,3,,,,,,,,,Don Heck,,
11392,1963,Nov,11/01/1963,49-11/01/1963,Marvel,Super-hero,NFS,Tales to Astonish,49,3,5,6,,,,,,,,,Jack Kirby,,
11394,1963,Dec,12/01/1963,50-12/01/1963,Marvel,Super-hero,NFS,Tales to Astonish,50,3,4,4,,,,,,,,,Jack Kirby,,
11397,1964,Mar,03/01/1964,53-03/01/1964,Marvel,Super-hero,NFS,Tales to Astonish,53,3,4,4,,,,,,,,,Dick Ayers,,
11400,1964,June,06/01/1964,56-06/01/1964,Marvel,Super-hero,NFS,Tales to Astonish,56,3,3,3,,,,,,,,,Dick Ayers,,
11401,1964,July,07/01/1964,57-07/01/1964,Marvel,Super-hero,NFS,Tales to Astonish,57,3,5,5.5,,,,,,,,,Dick Ayers,,
11402,1964,Aug,08/01/1964,58-08/01/1964,Marvel,Super-hero,NFS,Tales to Astonish,58,3,4,4.5,,,,,,,,,Dick Ayers,,
11403,1964,Sep,09/01/1964,59-09/01/1964,Marvel,Super-hero,NFS,Tales to Astonish,59,3,4,4.5,,,,,,,,,Dick Ayers,,
11405,1964,Oct,10/01/1964,60-10/01/1964,Marvel,Super-hero,NFS,Tales to Astonish,60,3,4,4,,,,,,,,,Steve Ditko,,
11406,1964,Nov,11/01/1964,61-11/01/1964,Marvel,Super-hero,NFS,Tales to Astonish,61,3,5,6,,,,,,,,,Steve Ditko,,all Ditko
11407,1964,Dec,12/01/1964,62-12/01/1964,Marvel,Super-hero,NFS,Tales to Astonish,62,3,5,5,,,,,,,,,Steve Ditko,,
11408,1965,Jan,01/01/1965,63-01/01/1965,Marvel,Super-hero,NFS,Tales to Astonish,63,3,4,4.5,,,,,,,,,Steve Ditko,,
11409,1965,Feb,02/01/1965,64-02/01/1965,Marvel,Super-hero,NFS,Tales to Astonish,64,3,5,5.5,,,,,,,,,Steve Ditko,,
11410,1965,Mar,03/01/1965,65-03/01/1965,Marvel,Super-hero,NFS,Tales to Astonish,65,3,5,6,,,,,,,,,Steve Ditko,,
11411,1965,Apr,04/01/1965,66-04/01/1965,Marvel,Super-hero,NFS,Tales to Astonish,66,3,5,6,,,,,,,,,Steve Ditko,,
11412,1965,May,05/01/1965,67-05/01/1965,Marvel,Super-hero,NFS,Tales to Astonish,67,3,5,6,,,,,,,,,Steve Ditko,,
11413,1965,June,06/01/1965,68-06/01/1965,Marvel,Super-hero,NFS,Tales to Astonish,68,3,5,6,,,,,,,,,Jack Kirby,,
11416,1965,Aug,08/01/1965,70-08/01/1965,Marvel,Super-hero,NFS,Tales to Astonish,70,3,5,6,,,,,,,,,Jack Kirby,,
11417,1965,Sep,09/01/1965,71-09/01/1965,Marvel,Super-hero,NFS,Tales to Astonish,71,3,5,6,,,,,,,,,Jack Kirby,,Pop Art Productions
11419,1965,Nov,11/01/1965,73-11/01/1965,Marvel,Super-hero,NFS,Tales to Astonish,73,3,4,4.5,,,,,,,,,Jack Kirby,,Kirby layouts
11420,1965,Dec,12/01/1965,74-12/01/1965,Marvel,Super-hero,NFS,Tales to Astonish,74,3,5,5,,,,,,,,,Jack Kirby,,
11421,1966,Jan,01/01/1966,75-01/01/1966,Marvel,Super-hero,NFS,Tales to Astonish,75,3,5,6,,,,,,,,,Jack Kirby,,
11422,1966,Feb,02/01/1966,76-02/01/1966,Marvel,Super-hero,NFS,Tales to Astonish,76,3,5,6,,,,,,,,,Jack Kirby,,
11423,1966,Mar,03/01/1966,77-03/01/1966,Marvel,Super-hero,NFS,Tales to Astonish,77,3,4,4.5,,,,,,,,,Jack Kirby,,
11424,1966,Apr,04/01/1966,78-04/01/1966,Marvel,Super-hero,NFS,Tales to Astonish,78,3,5,6,,,,,,,,,Jack Kirby,,
11425,1966,May,05/01/1966,79-05/01/1966,Marvel,Super-hero,NFS,Tales to Astonish,79,3,5,6,,,,,,,,,Jack Kirby,,
11427,1966,June,06/01/1966,80-06/01/1966,Marvel,Super-hero,NFS,Tales to Astonish,80,3,2,2.5,,,,,,,,,Jack Kirby,,
11428,1966,July,07/01/1966,81-07/01/1966,Marvel,Super-hero,NFS,Tales to Astonish,81,3,1,1.5,,,,,,,,,Jack Kirby,,
11429,1966,Aug,08/01/1966,82-08/01/1966,Marvel,Super-hero,NFS,Tales to Astonish,82,3,1,1.5,,,,,,,,,Jack Kirby,,
11432,1966,Nov,11/01/1966,85-11/01/1966,Marvel,Super-hero,NFS,Tales to Astonish,85,3,1,1.5,,,,,,,,,"Gene Colan, John Buscema",,
11434,1967,Jan,01/01/1967,87-01/01/1967,Marvel,Super-hero,NFS,Tales to Astonish,87,3,1,1,,,,,,,,,"Bill Everett, John Buscema",,
#N/A,1965,Nov,11/01/1965,1-11/01/1965,Radio Comics,Super-hero,NFS,The Mighty Crusaders,1,3,2,2,,,,,,,,,,,
26701,1965,Jul,07/01/1965,1-07/01/1965,Marvel,Super-hero,NFS,Thor Annual,1,2,6,7,,,,,,,,,,,
16681,1966,Sep,09/01/1966,2-09/01/1966,Marvel,Super-hero,NFS,Thor Annual,2,2,5,5,,,,,,,,,Jack Kirby,,
18576,1960,Aug,08/01/1960,55-08/01/1960,Hercules,Cowboy,NFS,Two-Gun Kid,55,4,3,3,,,,,,,,,Severin,,
18581,1962,Nov,11/01/1962,60-11/01/1962,Non-Pareil,Cowboy,NFS,Two-Gun Kid,60,4,1,1,,,,,,,,,Jack Kirby,10,
18582,1963,Jan,01/01/1963,61-01/01/1963,Non-Pareil,Cowboy,NFS,Two-Gun Kid,61,4,1,1,,,,,,,,,Jack Kirby,,
18589,1964,Mar,03/01/1964,68-03/01/1964,Marvel,Cowboy,NFS,Two-Gun Kid,68,4,1,1,,,,,,,,,Dick Ayers,,
18590,1964,May,05/01/1964,69-05/01/1964,Marvel,Cowboy,NFS,Two-Gun Kid,69,4,2,2,,,,,,,,,Dick Ayers,,
18592,1964,Sep,09/01/1964,71-09/01/1964,Marvel,Cowboy,NFS,Two-Gun Kid,71,4,3,3.5,,,,,,,,,Dick Ayers,,
18593,1964,Nov,11/01/1964,72-11/01/1964,Marvel,Cowboy,NFS,Two-Gun Kid,72,4,4,4,,,,,,,,,Dick Ayers,,
18594,1965,Jan,01/01/1965,73-01/01/1965,Marvel,Cowboy,NFS,Two-Gun Kid,73,4,4,4.5,,,,,,,,,Dick Ayers,,
18595,1965,Mar,03/01/1965,74-03/01/1965,Marvel,Cowboy,NFS,Two-Gun Kid,74,4,5,5,,,,,,,,,Dick Ayers,,
18596,1965,May,05/01/1965,75-05/01/1965,Marvel,Cowboy,NFS,Two-Gun Kid,75,4,5,6,,,,,,,,,Dick Ayers,,
18597,1965,July,07/01/1965,76-07/01/1965,Marvel,Cowboy,NFS,Two-Gun Kid,76,4,7,8,,,,,,,,,"Dick Ayers, Vince Colletta",,
18598,1965,Sep,09/01/1965,77-09/01/1965,Marvel,Cowboy,NFS,Two-Gun Kid,77,4,5,5,,,,,,,,,Dick Ayers,,
18599,1965,Nov,11/01/1965,78-11/01/1965,Marvel,Cowboy,NFS,Two-Gun Kid,78,4,6,7,,,,,,,,,Dick Ayers,,
18600,1966,Jan,01/01/1966,79-01/01/1966,Marvel,Cowboy,NFS,Two-Gun Kid,79,4,4,4,,,,,,,,,Dick Ayers,,
18601,1966,Mar,03/01/1966,80-03/01/1966,Marvel,Cowboy,NFS,Two-Gun Kid,80,4,5,6,,,,,,,,,Dick Ayers,,
18603,1966,July,07/01/1966,82-07/01/1966,Marvel,Cowboy,NFS,Two-Gun Kid,82,4,5,6,,,,,,,,,Dick Ayers,,
#N/A,1957,Sep,09/01/1957,1-09/01/1957,Atlas,Humor,NFS,Willie the Wise-Guy,1,4,0,0.5,,,,,,,,,Stan Lee (writer),,
12466,1963,Nov,11/01/1963,2-11/01/1963,Marvel,Super-hero,NFS,X-Men,2,2,2,2,,,,,,,,,Jack Kirby,,
12477,1964,Jan,01/01/1964,3-01/01/1964,Marvel,Super-hero,NFS,X-Men,3,2,2,2,,,,,,,,,Jack Kirby,,
12488,1964,March,03/01/1964,4-03/01/1964,Marvel,Super-hero,NFS,X-Men,4,2,1,1,,,,,,,,,Jack Kirby,,
12499,1964,May,05/01/1964,5-05/01/1964,Marvel,Super-hero,NFS,X-Men,5,2,2,2,,,,,,,,,Jack Kirby,,
12510,1964,July,07/01/1964,6-07/01/1964,Marvel,Super-hero,NFS,X-Men,6,2,6,7,,,,,,,,,Jack Kirby,,
12521,1964,Sep,09/01/1964,7-09/01/1964,Marvel,Super-hero,NFS,X-Men,7,2,6,7,,,,,,,,,Jack Kirby,,
12532,1964,Nov,11/01/1964,8-11/01/1964,Marvel,Super-hero,NFS,X-Men,8,2,6,7,,,,,,,,,Jack Kirby,,
12543,1965,Jan,01/01/1965,9-01/01/1965,Marvel,Super-hero,NFS,X-Men,9,A,7,7.5,,,,,,,,,Jack Kirby,,
12414,1965,Mar,03/01/1965,10-03/01/1965,Marvel,Super-hero,NFS,X-Men,10,A,7,7,4659391006,,,,,,,,Jack Kirby,,
12425,1965,May,05/01/1965,11-05/01/1965,Marvel,Super-hero,NFS,X-Men,11,A,6.5,6.5,4659391007,,,,,,,,Jack Kirby,,
12436,1965,July,07/01/1965,12-07/01/1965,Marvel,Super-hero,NFS,X-Men,12,A,6.5,6.5,yes,,,,,,889.50,2026-02-20,Jack Kirby,,
12447,1965,Sep,09/01/1965,13-09/01/1965,Marvel,Super-hero,NFS,X-Men,13,A,6,6,4659391008,,,,,,,,Jack Kirby,,
12458,1965,Nov,11/01/1965,14-11/01/1965,Marvel,Super-hero,NFS,X-Men,14,A,5.5,5.5,yes,,,,,,$359.46,"Feb 15, 2026",Jack Kirby,,
12461,1965,Dec,12/01/1965,15-12/01/1965,Marvel,Super-hero,NFS,X-Men,15,A,7,7.5,,,,,,,,,Jack Kirby,,
12462,1966,Jan,01/01/1966,16-01/01/1966,Marvel,Super-hero,NFS,X-Men,16,A,5,5,4659391009,,,,,,,,Jack Kirby,,
12463,1966,Feb,02/01/1966,17-02/01/1966,Marvel,Super-hero,NFS,X-Men,17,2,5,5,,,,,,,,,Jack Kirby,,
12464,1966,Mar,03/01/1966,18-03/01/1966,Marvel,Super-hero,NFS,X-Men,18,A,5,5,4659391010,,,,,,,,Jay Gavin,,
12465,1966,April,04/01/1966,19-04/01/1966,Marvel,Super-hero,NFS,X-Men,19,A,7,7.5,,,,,,,,,Jay Gavin,,
12467,1966,May,05/01/1966,20-05/01/1966,Marvel,Super-hero,NFS,X-Men,20,2,5,6,,,,,,,,,Jay Gavin,,
12468,1966,June,06/01/1966,21-06/01/1966,Marvel,Super-hero,NFS,X-Men,21,2,3,3.5,,,,,,,,,Jay Gavin,,
12469,1966,July,07/01/1966,22-07/01/1966,Marvel,Super-hero,NFS,X-Men,22,2,5,6,,,,,,,,,Jay Gavin,,
12470,1966,Aug,08/01/1966,23-08/01/1966,Marvel,Super-hero,NFS,X-Men,23,2,5,5,4659391011,,,,,https://www.ebay.com/itm/157719306674,,,Werner Roth,,
12471,1966,Sep,09/01/1966,24-09/01/1966,Marvel,Super-hero,NFS,X-Men,24,A,7,7.5,,,,,,,,,Werner Roth,,
12472,1966,Oct,10/01/1966,25-10/01/1966,Marvel,Super-hero,NFS,X-Men,25,A,7,7.5,,,,,,,,,Werner Roth,,
#N/A,1967,Oct,10/01/1967,0-10/01/1967,Zap,Alt,NFS,Zap Comix,0,4,4,4,,,,,,,,,,,
#N/A,1967,Nov,11/01/1967,1-11/01/1967,Zap,Alt,NFS,Zap Comix,1,4,4,4,,,,,,,,,,,
#N/A,1968,Dec,12/01/1968,2-12/01/1968,Zap,Alt,NFS,Zap Comix,2,4,6,7,,,,,,,,,,,
#N/A,1968,Oct,10/01/1968,3-10/01/1968,Zap,Alt,NFS,Zap Comix,3,4,4,4,,,,,,,,,,,
#N/A,1969,Aug,08/01/1969,4-08/01/1969,Zap,Alt,NFS,Zap Comix,4,4,3,3.5,,,,,,,,,,,
,,,,,,,,,,,,,,,,,,,16881.26,,,,
,,,,,,,,,,,,,,,,,,,888.4873684,,,,
